"Season","TeamName","Tempo","RankTempo","AdjTempo","RankAdjTempo","OE","RankOE","AdjOE","RankAdjOE","DE","RankDE","AdjDE","RankAdjDE","AdjEM","RankAdjEM"
"2024","Abilene Christian",70.536,66,68.6028,114,99.0523,294,101.76,259,103.331,126,105.617,162,-3.8577,207
"2024","Air Force",63.4044,355,61.923,359,103.451,219,105.931,181,113.982,346,113.363,327,-7.4325,264
"2024","Akron",66.7263,273,66.0453,271,107.361,131,106.763,164,100.275,51,102.179,98,4.58416,122
"2024","Alabama",73.8673,9,72.5859,14,121.378,2,125.996,2,108.965,270,103.035,111,22.9614,14
"2024","Alabama A&M",71.7111,39,70.6415,42,95.9575,331,94.2301,346,104.979,176,108.591,223,-14.3614,324
"2024","Alabama St.",69.0655,137,67.2171,198,93.9542,347,93.0581,352,100.59,60,105.346,155,-12.2879,310
"2024","Albany",74.333,6,73.1235,6,104.457,200,105.298,196,106.215,214,111.116,280,-5.8178,244
"2024","Alcorn St.",68.329,187,66.511,247,105.142,183,106.46,171,113.272,341,116.606,354,-10.1462,294
"2024","American",62.915,359,62.8851,355,106.303,149,103.541,224,106.857,227,113.941,335,-10.4,296
"2024","Appalachian St.",68.6858,157,67.0684,213,109.532,92,108.449,134,97.3208,18,98.5668,41,9.8821,83
"2024","Arizona",73.3951,11,72.2403,16,116.71,13,120.247,11,96.7939,13,93.6966,10,26.5501,6
"2024","Arizona St.",70.5509,64,69.1854,86,97.504,316,104.009,218,104.597,171,100.089,64,3.92006,127
"2024","Arkansas",72.2026,26,70.8422,38,105.897,164,109.962,103,109.076,273,104.095,133,5.86781,108
"2024","Arkansas Pine Bluff",73.0347,15,71.9251,18,103.856,213,102.239,250,114.427,352,118.926,360,-16.6869,331
"2024","Arkansas St.",69.9627,93,68.0618,147,112.752,36,113.382,61,109.717,291,109.981,251,3.40121,133
"2024","Army",63.18,357,63.1486,352,93.7353,349,90.8707,357,102.933,115,109.875,247,-19.0038,344
"2024","Auburn",70.895,56,69.9688,59,117.177,12,120.38,10,96.3047,8,92.3905,6,27.9896,4
"2024","Austin Peay",65.5753,325,64.7652,326,109.617,90,108.188,142,111.753,326,114.105,336,-5.91734,245
"2024","Ball St.",67.4976,241,66.9643,220,105.289,177,102.951,241,106.606,220,110.805,270,-7.85374,266
"2024","Baylor",66.7204,275,65.7946,282,117.473,9,122.428,6,104.349,161,100.524,72,21.904,15
"2024","Bellarmine",66.4824,280,64.9084,317,100.636,272,100.326,279,114.394,351,113.438,330,-13.112,316
"2024","Belmont",71.9026,35,71.3132,29,107.452,127,109.359,113,105.414,190,104.05,130,5.30828,115
"2024","Bethune Cookman",70.8346,57,69.8546,62,98.5352,304,97.9359,313,102.78,112,108.914,235,-10.9784,303
"2024","Binghamton",68.0898,201,66.3486,257,101.542,258,102.493,245,107.362,242,111.478,289,-8.98437,284
"2024","Boise St.",66.3846,285,66.6495,243,110.354,68,113.365,63,100.804,67,97.3998,29,15.9653,44
"2024","Boston College",67.6976,226,66.9873,217,108.7,108,113.878,55,105.482,193,102.438,101,11.4399,71
"2024","Boston University",65.6953,320,65.8905,275,99.0878,293,98.2624,309,100.921,73,108.733,229,-10.4703,297
"2024","Bowling Green",68.5834,163,67.7707,161,104.158,207,102.364,247,103.486,135,107.93,209,-5.56647,239
"2024","Bradley",67.0006,266,66.4073,254,109.648,88,112.146,76,99.9642,45,99.9617,62,12.1848,64
"2024","Brown",67.6376,230,67.2568,196,102.79,233,104.267,216,105.751,199,106.738,183,-2.47174,191
"2024","Bryant",75.3787,2,74.2362,3,99.4465,291,101.107,268,98.7481,33,102.018,95,-0.91143,173
"2024","Bucknell",64.1487,351,64.9048,318,100.803,270,100.233,282,103.737,142,108.689,225,-8.45605,276
"2024","Buffalo",70.1324,82,69.1986,83,95.6487,333,95.3751,338,113.129,340,115.075,345,-19.6999,348
"2024","Butler",69.3125,125,68.5575,120,107.772,122,113.227,67,104.401,164,100.629,76,12.5979,61
"2024","BYU",69.9456,96,69.1965,84,116.413,16,119.83,14,100.111,49,99.8688,60,19.9612,18
"2024","Cal Baptist",65.2943,333,63.6526,346,102.026,247,103.236,236,102.2,99,105.705,165,-2.46942,190
"2024","Cal Poly",66.5123,279,65.9447,272,93.7635,348,94.5431,343,110.692,307,112.384,310,-17.8411,339
"2024","Cal St. Bakersfield",65.7488,318,64.8865,319,100.817,269,101.116,267,105.784,201,107.164,196,-6.04773,247
"2024","Cal St. Fullerton",67.2869,256,66.4821,249,98.5792,303,100.057,289,103.967,149,105.508,158,-5.4513,235
"2024","Cal St. Northridge",72.9858,16,72.6805,13,100.842,268,100.119,285,101.742,88,105.531,160,-5.41225,233
"2024","California",69.768,100,68.5696,116,104.024,210,109.049,126,107.792,252,104.41,139,4.63881,121
"2024","Campbell",66.5348,277,66.6597,241,101.984,248,100.672,274,109.499,286,112.988,320,-12.3161,311
"2024","Canisius",68.0699,203,66.9426,224,100.689,271,100.147,284,105.443,192,108.69,226,-8.54323,278
"2024","Central Arkansas",70.0705,88,69.2875,81,99.7642,283,97.1883,321,114.105,347,115.161,347,-17.9727,340
"2024","Central Connecticut",67.4584,245,66.9782,219,103.78,216,101.029,270,100.67,62,108.434,219,-7.4055,262
"2024","Central Michigan",66.1632,299,65.1128,312,96.9844,324,96.5503,328,103.424,128,105.012,149,-8.46164,277
"2024","Charleston",70.1241,83,70.2541,51,114.45,21,113.912,53,104.987,177,106.395,179,7.51657,101
"2024","Charleston Southern",67.5481,237,66.9555,221,94.942,338,95.4594,337,110.13,296,108.493,220,-13.034,315
"2024","Charlotte",63.1816,356,62.5141,356,106.669,141,108.706,131,104.165,157,104.054,131,4.65186,120
"2024","Chattanooga",68.2132,194,67.054,214,111.391,51,110.424,101,105.954,207,107.902,208,2.52147,140
"2024","Chicago St.",66.3425,290,64.5886,331,97.8826,310,100.251,281,107.615,247,110.401,258,-10.1503,295
"2024","Cincinnati",68.428,180,67.495,181,107.833,120,111.959,79,98.6278,32,95.4838,19,16.4749,39
"2024","Clemson",67.8124,218,66.3504,256,113.289,33,117.727,23,104.337,160,98.2915,35,19.4352,19
"2024","Cleveland St.",68.5173,172,67.54,174,108.276,112,106.082,178,106.778,224,108.865,231,-2.78239,197
"2024","Coastal Carolina",71.0887,52,69.5568,73,100.1,279,99.4894,296,110.853,312,112.286,305,-12.7969,313
"2024","Colgate",66.0426,304,66.3627,255,106.324,148,104.84,205,98.2587,27,103.344,117,1.49614,150
"2024","Colorado",69.0381,140,67.6256,169,113.64,29,118.364,20,102.736,109,99.3304,49,19.0332,24
"2024","Colorado St.",66.3451,289,66.1088,269,110.687,63,114.028,51,101.557,82,97.0127,27,17.015,36
"2024","Columbia",69.4073,117,68.5917,115,106.562,145,106.67,167,108.582,267,112.064,300,-5.39379,232
"2024","Connecticut",66.0359,305,64.6331,330,123.036,1,127.524,1,96.3938,9,91.0982,4,36.4262,1
"2024","Coppin St.",67.2945,255,66.1774,266,85.2819,361,85.6628,361,107.321,239,111.391,285,-25.7286,361
"2024","Cornell",71.4705,42,71.5188,23,112.295,42,113.385,60,105.199,184,106.195,176,7.19008,103
"2024","Creighton",67.6332,231,66.8428,229,116.252,18,120.908,9,100.909,72,96.6926,24,24.2152,11
"2024","Dartmouth",65.8875,312,65.168,311,91.9971,354,93.2195,351,111.351,320,110.276,257,-17.0564,336
"2024","Davidson",65.7722,317,65.687,286,102.699,235,105.688,189,102.04,94,101.411,86,4.27633,125
"2024","Dayton",64.7467,346,64.4774,334,113.991,25,117.708,24,102.178,98,100.409,67,17.2983,32
"2024","Delaware",67.4355,249,67.5006,178,106.882,138,104.991,202,102.941,116,105.626,164,-0.634826,169
"2024","Delaware St.",69.6087,104,68.8933,101,96.6045,325,95.7801,335,100.695,63,105.759,166,-9.97921,289
"2024","Denver",70.5015,68,70.4541,47,110.253,71,107.801,144,114.13,348,115.761,351,-7.95993,268
"2024","DePaul",68.3562,183,67.632,167,94.874,340,101.553,261,119.443,362,112.616,315,-11.0622,304
"2024","Detroit Mercy",68.0245,207,66.8915,227,96.4591,327,96.9291,324,117.114,358,117.454,357,-20.5247,351
"2024","Drake",68.595,159,68.0426,148,113.593,30,115.06,40,100.293,53,100.527,73,14.533,53
"2024","Drexel",65.3344,331,64.5735,332,108.875,105,108.278,141,101.383,79,104.11,135,4.16809,126
"2024","Duke",67.0962,263,66.426,253,117.379,11,121.646,8,98.6266,31,95.1725,16,26.4731,7
"2024","Duquesne",66.7229,274,66.2405,264,104.737,192,107.16,158,100.991,74,97.9654,31,9.19431,88
"2024","East Carolina",65.5889,323,65.0292,313,103.885,211,104.755,207,106.972,231,107.201,199,-2.44598,189
"2024","East Tennessee St.",68.1895,196,67.0997,209,102.988,232,103.426,229,103.549,138,104.398,138,-0.972241,174
"2024","Eastern Illinois",67.4741,242,66.7795,234,96.5098,326,96.0937,332,104.411,165,109.873,246,-13.7792,320
"2024","Eastern Kentucky",70.1776,79,68.8544,103,108.974,102,106.967,161,109.792,292,110.991,275,-4.0239,211
"2024","Eastern Michigan",66.2534,295,65.3544,308,98.3101,307,96.9305,323,109.619,289,112.055,299,-15.1242,326
"2024","Eastern Washington",70.6686,61,70.58,45,112.375,39,112.008,77,109.144,274,110.655,262,1.35344,152
"2024","Elon",67.5175,238,67.5117,176,104.212,205,101.838,257,113.003,337,115.149,346,-13.311,317
"2024","Evansville",69.2998,126,68.5582,118,99.5735,286,102.133,252,105.923,204,106.057,174,-3.92389,208
"2024","Fairfield",68.926,146,68.5532,121,108.788,106,108.449,135,103.854,144,109.433,243,-0.984692,175
"2024","Fairleigh Dickinson",72.8658,18,72.241,15,99.8865,282,97.9795,312,106.746,223,113.288,323,-15.3089,327
"2024","FIU",71.3822,44,70.3179,50,99.5036,287,101.59,260,107.738,251,110.691,263,-9.10173,285
"2024","Florida",73.0573,14,71.9861,17,115.085,19,120.003,12,106.395,218,101.81,94,18.1933,26
"2024","Florida A&M",69.6002,106,68.38,130,92.4953,353,93.3189,349,109.214,278,110.981,274,-17.6618,338
"2024","Florida Atlantic",69.0406,139,68.3253,133,116.373,17,117.84,22,103.879,147,102.102,96,15.7375,47
"2024","Florida Gulf Coast",65.5319,327,63.9129,342,105.608,169,103.325,232,109.195,277,108.953,236,-5.62839,241
"2024","Florida St.",72.1832,27,71.1251,33,105.691,168,110.909,90,105.59,196,100.62,75,10.2895,79
"2024","Fordham",69.3648,122,68.7679,108,99.4822,290,101.218,266,102.743,110,103.627,123,-2.40921,188
"2024","Fresno St.",65.9175,310,65.6475,290,100.846,267,103.485,226,111.056,317,109.017,238,-5.53275,237
"2024","Furman",70.3984,71,68.8525,104,110.208,72,109.938,104,107.214,237,107.569,205,2.3686,141
"2024","Gardner Webb",69.8344,98,69.4644,74,101.824,252,102.318,248,105.708,197,105.91,169,-3.59268,204
"2024","George Mason",64.831,343,63.7708,344,108.712,107,109.55,108,101.648,85,101.459,88,8.09147,97
"2024","George Washington",70.1992,78,69.8278,65,105.72,167,107.287,153,107.663,249,110.695,264,-3.40829,203
"2024","Georgetown",67.4524,246,66.7045,237,104.034,209,110.555,96,114.976,353,113.054,321,-2.49899,192
"2024","Georgia",70.6153,63,68.9694,96,105.409,172,109.425,112,105.156,182,99.6062,58,9.81857,84
"2024","Georgia Southern",70.1652,80,69.01,93,103.367,221,104.794,206,111.943,329,113.424,329,-8.62978,280
"2024","Georgia St.",70.0835,85,68.0377,149,105.185,181,105.718,187,108.142,254,110.031,253,-4.3123,218
"2024","Georgia Tech",68.2717,191,67.6301,168,102.503,242,109.431,111,108.85,269,104.985,148,4.44669,123
"2024","Gonzaga",69.4018,118,68.8555,102,120.097,3,122.602,5,100.54,56,99.4353,51,23.167,12
"2024","Grambling St.",66.1058,302,64.8313,324,97.746,313,100.095,287,103.869,145,107.188,197,-7.09337,259
"2024","Grand Canyon",69.4444,114,68.4962,126,111.724,46,112.894,74,95.7941,6,98.0527,32,14.8414,52
"2024","Green Bay",64.9162,341,63.7441,345,104.825,189,103.952,221,107.027,232,109.05,239,-5.09717,230
"2024","Hampton",70.0071,90,69.7741,69,97.0661,322,94.5295,344,112.087,331,112.572,314,-18.042,341
"2024","Harvard",67.7425,223,67.5083,177,102.666,237,101.969,256,106.206,212,106.917,189,-4.94805,228
"2024","Hawaii",67.4712,243,66.2167,265,105.234,178,104.752,208,101.917,90,105.342,154,-0.589927,167
"2024","High Point",68.8238,149,68.7638,109,117.671,8,115.812,36,107.441,243,110.486,260,5.32548,114
"2024","Hofstra",66.4217,282,65.7574,283,109.994,78,108.478,133,103.464,132,103.131,113,5.34675,113
"2024","Holy Cross",65.3884,330,65.882,276,100.562,274,100.714,272,114.21,349,120.432,362,-19.718,349
"2024","Houston",64.0595,352,63.4888,349,113.5,31,118.896,19,88.9587,1,87.7232,2,31.173,2
"2024","Houston Christian",72.6775,20,71.4557,26,95.0097,336,96.5802,327,116.091,356,118.998,361,-22.4181,355
"2024","Howard",69.0139,141,67.8045,159,106.36,146,105.553,190,107.359,241,113.937,334,-8.3832,275
"2024","Idaho",65.5856,324,64.9939,314,100.471,276,98.3488,308,110.526,302,112.335,307,-13.9862,321
"2024","Idaho St.",64.5568,349,64.0722,340,105.332,175,103.408,230,108.567,265,110.483,259,-7.07484,258
"2024","Illinois",70.1002,84,69.8268,66,118.301,6,125.498,3,104.135,154,100.972,80,24.5259,10
"2024","Illinois Chicago",68.5645,166,68.2753,135,98.9771,296,100.876,271,103.172,124,103.636,124,-2.75994,196
"2024","Illinois St.",65.1605,339,63.7896,343,101.772,255,102.707,243,104.67,173,104.57,142,-1.86328,179
"2024","Incarnate Word",71.3565,45,70.0324,56,98.4341,305,96.4586,329,110.235,299,115.497,350,-19.0387,345
"2024","Indiana",69.3814,120,68.5462,122,104.287,203,109.849,105,107.097,234,101.112,84,8.73725,91
"2024","Indiana St.",71.4611,43,70.9348,35,118.286,7,119.862,13,102.619,106,103.173,114,16.6893,38
"2024","Iona",67.9996,211,67.0695,212,104.945,187,103.546,223,103.598,139,108.404,218,-4.85765,226
"2024","Iowa",72.6677,21,71.7739,19,113.914,27,119.593,16,109.504,287,105.441,157,14.1513,57
"2024","Iowa St.",67.9024,214,67.209,201,110.603,65,113.947,52,90.647,2,87.4742,1,26.4724,8
"2024","IUPUI",68.6599,158,67.4833,183,94.0042,346,92.2741,353,118.33,361,117.889,358,-25.6146,360
"2024","Jackson St.",69.9847,92,68.5259,124,101.691,256,100.627,276,107.616,248,112.291,306,-11.6644,309
"2024","Jacksonville",67.6103,232,65.6253,293,103.007,230,101.068,269,109.64,290,109.35,242,-8.28179,273
"2024","Jacksonville St.",66.2387,296,64.8475,321,101.206,261,102.01,254,101.686,86,104.955,147,-2.94484,200
"2024","James Madison",70.9848,53,69.7144,70,114.027,24,112.985,72,97.5337,21,100.566,74,12.4187,63
"2024","Kansas",69.8194,99,69.1621,88,107.428,128,113.519,59,100.58,58,95.5758,20,17.9429,27
"2024","Kansas St.",68.5203,171,67.6526,166,102.655,238,108.327,139,101.093,75,96.8067,25,11.5202,70
"2024","Kennesaw St.",74.859,3,74.1372,4,108.219,114,105.284,197,111.043,316,112.858,319,-7.57476,265
"2024","Kent St.",67.5109,239,66.6407,245,107.208,134,106.138,175,104.362,163,106.951,193,-0.812842,171
"2024","Kentucky",73.9155,8,72.6918,12,118.948,5,122.18,7,106.36,217,102.887,109,19.2927,23
"2024","La Salle",67.1413,261,66.7031,238,105.034,185,106.085,177,108.506,263,108.83,230,-2.74482,195
"2024","Lafayette",65.263,335,65.3813,307,94.677,344,93.5949,347,102.005,93,107.079,194,-13.4843,318
"2024","Lamar",69.9484,95,68.2996,134,107.376,130,104.279,215,103.442,129,108.253,216,-3.97426,210
"2024","Le Moyne",68.3518,186,67.3806,192,102.119,246,100.111,286,104.201,159,111.054,277,-10.9426,302
"2024","Lehigh",69.5705,108,70.1211,54,100.56,275,99.4749,297,101.632,84,106.905,187,-7.43001,263
"2024","Liberty",65.7146,319,64.6715,329,108.236,113,109.218,120,103.16,123,106.493,180,2.72527,137
"2024","Lindenwood",68.1848,197,67.1902,204,92.7112,351,91.7066,355,109.256,279,114.23,339,-22.5235,356
"2024","Lipscomb",70.4817,69,69.1226,90,114.255,22,111.984,78,109.816,293,112.37,308,-0.386285,166
"2024","Little Rock",69.8563,97,68.9067,100,109.91,80,106.704,165,102.591,105,109.322,240,-2.61814,194
"2024","LIU",71.2761,48,70.4036,49,92.791,350,93.2948,350,106.965,230,112.166,302,-18.8708,343
"2024","Long Beach St.",72.0984,29,71.5012,24,105.409,173,107.266,154,105.189,183,107.515,203,-0.249036,165
"2024","Longwood",67.6943,227,66.8674,228,106.301,150,105.549,191,102.577,104,105.196,151,0.352298,161
"2024","Louisiana",70.377,72,68.8181,105,106.573,144,105.911,183,103.403,127,104.515,140,1.39552,151
"2024","Louisiana Monroe",68.261,192,67.3352,194,97.9774,309,100.081,288,109.431,285,110.721,265,-10.6396,298
"2024","Louisiana Tech",66.8196,272,65.807,281,107.185,135,108.833,127,97.2592,16,100.503,69,8.33034,94
"2024","Louisville",70.4252,70,69.9114,60,101.388,259,105.86,184,112.072,330,108.173,214,-2.31229,185
"2024","Loyola Chicago",69.0803,135,68.7449,110,103.406,220,105.515,192,97.1999,15,97.136,28,8.37946,93
"2024","Loyola Marymount",65.8525,313,64.7299,327,107.968,119,108.356,137,109.267,280,110.73,266,-2.37356,187
"2024","Loyola MD",65.788,315,65.8091,280,94.7793,342,93.3332,348,108.521,264,113.604,331,-20.2709,350
"2024","LSU",70.744,60,69.8678,61,107.333,132,110.469,99,105.4,189,102.212,99,8.25635,95
"2024","Maine",67.5604,236,65.5469,300,97.2733,318,97.2669,319,99.5328,38,102.498,102,-5.23107,231
"2024","Manhattan",69.0127,142,68.146,141,94.2792,345,95.1514,340,109.028,272,112.62,316,-17.4682,337
"2024","Marist",65.5403,326,64.8415,323,98.9318,297,96.955,322,94.8008,5,101.104,83,-4.14872,215
"2024","Marquette",69.4584,112,69.0811,92,111.913,45,118.213,21,100.581,59,95.1954,17,23.0174,13
"2024","Marshall",72.2562,24,70.5148,46,100.922,264,101.394,262,106.269,216,106.944,192,-5.55001,238
"2024","Maryland",66.2969,293,65.509,302,102.554,240,107.254,155,98.3022,28,94.7464,14,12.5077,62
"2024","Maryland Eastern Shore",67.6579,229,67.2077,202,90.4527,358,89.7754,359,106.801,225,109.466,244,-19.6903,347
"2024","Massachusetts",69.2013,130,68.2577,136,111.375,53,111.805,82,102.101,95,103.227,116,8.57793,92
"2024","McNeese St.",66.9121,269,65.8727,277,116.701,14,113.354,64,97.0214,14,101.549,89,11.8045,67
"2024","Memphis",72.0328,31,71.6253,20,110.7,61,113.154,68,104.135,155,102.568,104,10.5866,76
"2024","Mercer",67.4671,244,66.1581,268,104.221,204,104.413,214,107.569,245,108.352,217,-3.93916,209
"2024","Merrimack",68.0592,204,67.4369,188,98.6477,302,96.8457,325,94.1196,4,100.871,79,-4.02556,212
"2024","Miami FL",69.9598,94,68.6183,113,107.312,133,111.218,88,105.4,188,103.05,112,8.16763,96
"2024","Miami OH",67.7975,221,67.4636,184,101.034,263,99.7617,294,104.115,153,106.742,184,-6.98053,257
"2024","Michigan",68.8936,147,67.4953,180,104.381,202,110.57,95,113.57,345,106.674,182,3.89587,128
"2024","Michigan St.",66.3831,286,65.3426,309,109.268,97,114.265,49,99.4727,37,93.6817,9,20.583,16
"2024","Middle Tennessee",66.5181,278,65.6035,297,94.7268,343,98.0668,311,105.129,181,106.888,186,-8.82127,282
"2024","Milwaukee",70.5162,67,70.2255,52,109.857,83,107.953,143,110.742,310,112.554,313,-4.60031,222
"2024","Minnesota",67.7428,222,66.6473,244,110.17,74,113.601,58,106.031,209,103.207,115,10.3944,78
"2024","Mississippi",68.5871,161,66.9446,223,109.234,98,113.881,54,107.724,250,104.524,141,9.35719,86
"2024","Mississippi St.",68.696,156,67.083,210,107.38,129,112.98,73,100.374,54,95.9126,22,17.067,34
"2024","Mississippi Valley St.",66.2355,297,64.7278,328,83.2947,362,85.4868,362,117.21,359,116.318,353,-30.8317,362
"2024","Missouri",68.4553,178,66.6678,239,104.992,186,108.435,136,110.737,309,106.647,181,1.78786,145
"2024","Missouri St.",68.4667,174,67.8587,157,102.483,243,104.501,211,102.828,113,102.892,110,1.60896,149
"2024","Monmouth",68.1049,199,67.8645,156,106.112,157,105.734,186,106.721,222,108.559,221,-2.82497,198
"2024","Montana",66.3989,284,66.2926,261,112.341,40,110.593,93,108.3,258,110.762,267,-0.168407,163
"2024","Montana St.",69.1205,134,68.9514,97,105.18,182,103.538,225,106.163,211,108.192,215,-4.65409,223
"2024","Morehead St.",65.6641,321,64.3143,337,110.507,67,109.131,123,100.652,61,103.983,129,5.14761,116
"2024","Morgan St.",71.1167,51,70.8734,37,97.1374,320,97.3838,318,111.818,327,114.181,338,-16.7972,334
"2024","Mount St. Mary's",69.3752,121,69.1511,89,103.471,218,102.455,246,102.302,101,108.706,228,-6.25094,249
"2024","Murray St.",65.2346,337,64.4663,335,105.345,174,107.43,150,107.097,233,106.911,188,0.519084,160
"2024","N.C. State",68.5446,168,68.0101,150,109.046,101,114.319,48,103.547,137,98.4174,38,15.9019,45
"2024","Navy",65.4328,329,65.6121,296,99.4915,289,96.7859,326,103.049,118,111.086,279,-14.3001,323
"2024","Nebraska",69.3908,119,68.98,95,110.993,57,116.203,32,101.211,76,98.6553,43,17.5474,30
"2024","Nebraska Omaha",67.5068,240,67.4425,187,106.235,151,103.913,222,109.377,281,111.085,278,-7.17199,260
"2024","Nevada",66.9257,268,66.7693,235,112.409,38,115.033,41,100.059,48,98.6202,42,16.4131,40
"2024","New Hampshire",72.9443,17,71.4862,25,99.6241,285,100.033,290,102.858,114,105.98,172,-5.947,246
"2024","New Mexico",72.385,23,72.8068,9,111.66,48,114.437,47,98.4642,30,96.6401,23,17.7965,29
"2024","New Mexico St.",68.0966,200,66.2599,263,95.4164,334,99.3668,299,109.383,282,109.348,241,-9.98161,290
"2024","New Orleans",72.1001,28,71.5875,21,97.7346,314,97.836,315,113.048,339,116.17,352,-18.3343,342
"2024","Niagara",67.6009,234,67.4212,190,104.173,206,103.264,235,105.751,198,111.41,286,-8.14644,272
"2024","Nicholls St.",67.4371,248,66.2965,260,104.626,195,104.457,212,107.326,240,109.889,248,-5.43161,234
"2024","NJIT",68.3088,188,66.3226,259,96.2518,330,97.4511,317,111.259,319,114.482,343,-17.0307,335
"2024","Norfolk St.",67.2194,258,66.3358,258,105.056,184,104.26,217,101.929,91,108.673,224,-4.41212,219
"2024","North Alabama",68.5866,162,67.8889,155,107.548,123,105.711,188,110.702,308,112.116,301,-6.40539,252
"2024","North Carolina",71.2847,47,70.6419,41,114.507,20,119.708,15,98.4514,29,93.519,8,26.1893,9
"2024","North Carolina A&T",68.0051,210,67.7741,160,96.2906,329,96.0218,333,114.238,350,115.447,349,-19.4257,346
"2024","North Carolina Central",67.1466,260,66.663,240,106.024,161,104.955,203,104.59,170,111.573,291,-6.61806,253
"2024","North Dakota",67.845,217,66.752,236,108.147,116,105.376,194,108.595,268,110.858,272,-5.48222,236
"2024","North Dakota St.",65.9505,307,65.7314,284,105.767,166,103.981,220,112.592,334,112.524,311,-8.54329,279
"2024","North Florida",68.7676,153,67.1543,206,109.067,100,107.12,159,111.358,321,112.73,318,-5.61074,240
"2024","North Texas",62.8673,360,61.8462,360,108.281,111,110.276,102,101.558,83,99.4419,52,10.8339,74
"2024","Northeastern",65.8133,314,65.826,279,105.576,170,105.314,195,110.189,297,111.602,292,-6.28801,250
"2024","Northern Arizona",69.0711,136,68.3402,131,98.7757,299,99.0969,301,110.529,303,111.506,290,-12.4088,312
"2024","Northern Colorado",69.9916,91,70.0134,58,109.949,79,107.591,145,108.408,262,110.838,271,-3.24702,202
"2024","Northern Illinois",69.1337,132,68.1301,142,101.824,253,102.183,251,113.343,343,113.796,333,-11.6134,308
"2024","Northern Iowa",67.6098,233,66.781,233,106.648,143,109.164,122,105.27,186,103.642,125,5.52156,111
"2024","Northern Kentucky",69.2092,129,68.1534,140,104.879,188,103.288,233,104.957,175,105.623,163,-2.33442,186
"2024","Northwestern",64.7404,347,64.1886,338,111.122,56,115.917,35,104.489,166,99.5072,54,16.4097,41
"2024","Northwestern St.",68.7904,152,67.4979,179,98.2848,308,97.6547,316,110.224,298,112.548,312,-14.8935,325
"2024","Notre Dame",64.85,342,64.3676,336,97.6152,315,103.27,234,102.392,103,98.4243,39,4.84568,118
"2024","Oakland",68.0064,209,66.4976,248,110.687,62,109.314,114,105.951,206,105.587,161,3.72628,131
"2024","Ohio",68.196,195,67.4898,182,110.926,58,109.069,124,103.458,131,106.937,190,2.13181,143
"2024","Ohio St.",67.4056,253,66.47,251,110.879,59,115.182,39,103.473,134,99.9893,63,15.1922,49
"2024","Oklahoma",68.4615,177,67.1215,207,109.192,99,114.143,50,99.9957,46,98.3763,36,15.7669,46
"2024","Oklahoma St.",68.0833,202,67.1666,205,103.114,227,108.763,129,106.096,210,103.865,127,4.89888,117
"2024","Old Dominion",71.1637,50,70.095,55,98.8616,298,98.9879,302,108.261,257,108.879,233,-9.8908,287
"2024","Oral Roberts",68.4049,181,67.7366,162,104.636,194,103.369,231,111.847,328,112.232,304,-8.86359,283
"2024","Oregon",68.3545,184,67.2608,195,109.622,89,114.696,44,104.569,168,100.504,70,14.1926,55
"2024","Oregon St.",66.1101,301,65.272,310,100.904,265,106.962,162,109.194,276,105.928,170,1.03327,155
"2024","Pacific",69.1225,133,68.4086,129,91.8738,355,95.2701,339,117.488,360,118.111,359,-22.8405,358
"2024","Penn",66.1433,300,65.5083,303,107.116,136,109.256,117,112.475,332,113.338,324,-4.08166,213
"2024","Penn St.",70.2618,74,69.7809,68,106.175,154,111.546,85,103.875,146,101.06,81,10.4865,77
"2024","Pepperdine",68.5327,169,67.4268,189,105.479,171,106.137,176,109.902,294,110.799,269,-4.66232,224
"2024","Pittsburgh",66.9651,267,65.6144,295,112.775,35,116.475,30,101.44,81,99.2955,48,17.1792,33
"2024","Portland",68.2911,189,67.5758,172,101.95,250,103.473,227,116.225,357,114.135,337,-10.6621,299
"2024","Portland St.",69.0464,138,69.4116,77,101.57,257,99.6183,295,104.011,151,105.937,171,-6.31866,251
"2024","Prairie View A&M",72.219,25,70.7727,40,95.3216,335,94.708,341,106.843,226,111.229,283,-16.5208,330
"2024","Presbyterian",68.4625,175,67.4548,185,104.502,198,103.145,237,108.247,256,111.184,282,-8.03908,271
"2024","Princeton",65.6204,322,65.5223,301,116.539,15,116.717,29,103.684,141,105.138,150,11.5785,69
"2024","Providence",68.3966,182,67.5933,171,104.575,197,109.06,125,99.7642,42,95.3628,18,13.6968,59
"2024","Purdue",68.2792,190,66.9833,218,119.292,4,125.225,4,100.276,52,94.6075,12,30.6175,3
"2024","Purdue Fort Wayne",71.8308,36,70.9306,36,108.184,115,104.903,204,100.792,66,104.07,132,0.833133,157
"2024","Queens",73.454,10,72.789,10,105.301,176,103.987,219,112.536,333,111.971,297,-7.98366,269
"2024","Quinnipiac",71.5867,40,71.3952,27,106.183,153,105.154,199,99.8313,44,106.002,173,-0.847634,172
"2024","Radford",65.0953,340,63.5864,348,107.523,124,107.438,149,110.813,311,112.375,309,-4.93771,227
"2024","Rhode Island",68.9629,143,68.7785,106,104.102,208,106.687,166,111.721,324,110.534,261,-3.84684,206
"2024","Rice",67.5802,235,65.9028,274,103.84,214,106.561,169,111.593,322,111.654,294,-5.09321,229
"2024","Richmond",67.4379,247,66.8409,230,105.962,162,107.227,156,98.1099,25,98.1435,34,9.08331,89
"2024","Rider",68.5772,164,68.0682,146,102.133,245,102.819,242,104.006,150,107.499,201,-4.6803,225
"2024","Robert Morris",68.4621,176,67.0707,211,103.745,217,101.823,258,111.151,318,113.372,328,-11.5489,307
"2024","Rutgers",68.5627,167,67.9098,154,94.833,341,99.3921,298,96.7237,12,91.8347,5,7.55743,100
"2024","Sacramento St.",64.7641,345,64.042,341,99.0451,295,98.1575,310,110.3,300,111.158,281,-13.0009,314
"2024","Sacred Heart",70.1596,81,69.3171,79,103.859,212,102.076,253,104.168,158,112.166,303,-10.0902,293
"2024","Saint Francis",66.4176,283,65.4917,305,94.9292,339,94.4034,345,110.622,306,116.662,355,-22.2582,354
"2024","Saint Joseph's",68.5894,160,68.5201,125,109.399,93,110.572,94,102.144,97,102.879,108,7.69301,99
"2024","Saint Louis",69.4492,113,69.4515,75,106.808,140,111.533,86,115.155,355,114.367,342,-2.83376,199
"2024","Saint Mary's",63.5953,353,62.4699,357,114.234,23,114.461,46,93.9208,3,95.0344,15,19.4263,20
"2024","Saint Peter's",65.2123,338,64.0786,339,98.7077,301,98.4151,306,97.5472,22,101.442,87,-3.02659,201
"2024","Sam Houston St.",68.8134,150,67.6075,170,103.162,226,106.018,180,100.865,70,103.746,126,2.27191,142
"2024","Samford",73.9189,7,72.8415,8,113.958,26,113.617,57,101.424,80,103.584,122,10.0329,81
"2024","San Diego",71.9589,33,71.1751,32,100.878,266,100.591,277,108.149,255,107.567,204,-6.97516,256
"2024","San Diego St.",66.8448,271,66.1648,267,108.426,110,113.378,62,99.0322,34,94.0161,11,19.3615,22
"2024","San Francisco",68.0159,208,67.3756,193,111.688,47,110.451,100,97.3055,17,98.4011,37,12.0497,65
"2024","San Jose St.",65.9386,309,65.8423,278,102.543,241,105.825,185,113.306,342,112.005,298,-6.17994,248
"2024","Santa Clara",69.6605,103,69.1871,85,108.576,109,109.805,107,103.769,143,104.106,134,5.69864,109
"2024","Seattle",68.3523,185,66.9481,222,104.69,193,105.922,182,96.4204,10,99.4425,53,6.47982,107
"2024","Seton Hall",67.3919,254,66.8246,231,108.08,118,113.092,70,102.69,108,98.067,33,15.0253,50
"2024","Siena",67.125,262,66.0709,270,90.0938,359,90.5291,358,110.872,314,113.354,326,-22.8251,357
"2024","SIU Edwardsville",67.2504,257,67.2118,200,103.174,224,101.288,264,105.505,195,110.978,273,-9.69011,286
"2024","SMU",68.4518,179,67.7074,165,111.391,52,111.888,80,100.545,57,100.76,77,11.1278,72
"2024","South Alabama",69.5863,107,68.3339,132,103.798,215,104.436,213,107.58,246,108.989,237,-4.55299,221
"2024","South Carolina",64.8291,344,63.1784,351,110.618,64,114.913,42,103.505,136,100.511,71,14.4017,54
"2024","South Carolina St.",70.0724,86,68.6726,111,98.7564,300,99.13,300,105.93,205,109.921,249,-10.7913,301
"2024","South Dakota",69.6046,105,68.7773,107,104.81,191,103.066,239,115.022,354,117.079,356,-14.0134,322
"2024","South Dakota St.",68.0533,205,67.9649,153,109.8,86,108.806,128,104.734,174,106.113,175,2.69302,138
"2024","South Florida",68.9606,144,68.1712,139,110.005,76,110.955,89,100.782,65,101.695,91,9.26027,87
"2024","Southeast Missouri St.",70.2532,75,69.1743,87,91.3467,356,91.3234,356,107.805,253,112.65,317,-21.3267,352
"2024","Southeastern Louisiana",66.363,288,64.9143,316,99.6263,284,98.7365,305,107.117,235,110.254,256,-11.5173,306
"2024","Southern",69.4989,111,67.5206,175,97.1302,321,97.2424,320,100.251,50,104.57,143,-7.32793,261
"2024","Southern Illinois",65.2859,334,64.5262,333,108.918,104,109.289,115,103.45,130,104.846,145,4.44244,124
"2024","Southern Indiana",69.6879,102,69.0923,91,95.8048,332,96.0148,334,107.179,236,111.884,296,-15.8688,328
"2024","Southern Miss",69.2217,128,68.1014,143,101.04,262,101.313,263,105.427,191,107.085,195,-5.77179,243
"2024","Southern Utah",70.7627,59,69.628,72,103.096,228,106.049,179,109.419,284,111.782,295,-5.7336,242
"2024","St. Bonaventure",66.0687,303,65.6619,289,109.997,77,111.6,84,103.025,117,104.271,137,7.32919,102
"2024","St. John's",69.5686,109,69.3304,78,113.437,32,119.007,18,103.472,133,99.5961,57,19.4106,21
"2024","St. Thomas",63.4062,354,63.0625,354,110.512,66,107.572,146,102.773,111,105.865,167,1.70719,148
"2024","Stanford",70.9054,55,69.687,71,105.918,163,110.484,97,106.504,219,103.91,128,6.57331,105
"2024","Stephen F. Austin",70.7669,58,69.2831,82,100.455,277,101.988,255,100.051,47,102.638,106,-0.649891,170
"2024","Stetson",66.7071,276,66.4627,252,110.279,70,109.826,106,113.347,344,114.334,341,-4.50865,220
"2024","Stonehill",69.3584,123,67.7119,164,91.0965,357,91.8622,354,110.575,304,114.79,344,-22.9283,359
"2024","Stony Brook",67.4224,251,67.5691,173,106.149,155,106.315,172,105.89,202,106.942,191,-0.626426,168
"2024","Syracuse",71.9314,34,70.7824,39,105.223,179,111.655,83,106.208,213,101.395,85,10.2602,80
"2024","Tarleton St.",67.9108,212,66.9949,216,106.335,147,109.274,116,103.124,121,105.519,159,3.75447,129
"2024","TCU",70.6454,62,69.8366,64,109.815,85,114.71,43,100.432,55,98.6694,44,16.0403,43
"2024","Temple",67.71,225,66.925,226,101.845,251,102.578,244,106.261,215,104.791,144,-2.21289,181
"2024","Tennessee",70.2306,76,69.2933,80,112.184,44,116.821,28,95.8361,7,90.2061,3,26.6147,5
"2024","Tennessee Martin",73.1712,13,72.9695,7,107.464,126,106.589,168,105.484,194,110.786,268,-4.19774,216
"2024","Tennessee St.",68.9388,145,68.4836,127,101.337,260,98.8745,304,104.104,152,108.87,232,-9.99531,291
"2024","Tennessee Tech",66.8799,270,65.6683,288,96.3688,328,96.3003,331,109.396,283,113.056,322,-16.7556,332
"2024","Texas",68.2458,193,67.4492,186,110.207,73,116.465,31,100.746,64,97.6917,30,18.7729,25
"2024","Texas A&M",67.7278,224,66.5549,246,111.58,50,117.491,26,105.255,185,100.467,68,17.0247,35
"2024","Texas A&M Commerce",67.9104,213,66.2778,262,95.0077,337,94.7073,342,109.146,275,111.472,288,-16.7642,333
"2024","Texas A&M Corpus Chris",70.0709,87,68.9301,98,102.2,244,100.4,278,97.8788,24,102.654,107,-2.25353,182
"2024","Texas Southern",69.1649,131,68.0926,144,99.3774,292,98.888,303,102.28,100,106.742,185,-7.85428,267
"2024","Texas St.",68.0469,206,66.4769,250,98.3977,306,100.67,275,102.666,107,102.604,105,-1.93435,180
"2024","Texas Tech",67.2038,259,66.7829,232,111.632,49,117.449,27,103.122,120,100.125,65,17.324,31
"2024","The Citadel",66.3762,287,65.5682,299,102.995,231,103.077,238,108.571,266,109.997,252,-6.92059,255
"2024","Toledo",70.2208,77,69.4421,76,113.018,34,112.657,75,107.526,244,110.104,255,2.5538,139
"2024","Towson",62.9453,358,62.3441,358,104.409,201,103.457,228,100.804,68,101.691,90,1.76609,146
"2024","Troy",70.5477,65,69.7823,67,107.488,125,107.186,157,101.218,77,103.541,119,3.645,132
"2024","Tulane",73.1791,12,72.7671,11,109.276,96,110.754,92,108.336,261,108.025,211,2.72881,136
"2024","Tulsa",71.342,46,70.6032,43,103.058,229,102.994,240,103.121,119,105.263,152,-2.26896,184
"2024","UAB",68.5763,165,67.8477,158,110.804,60,113.684,56,108.972,271,107.191,198,6.49232,106
"2024","UC Davis",67.8043,220,67.2137,199,103.173,225,102.278,249,100.868,71,103.401,118,-1.12305,177
"2024","UC Irvine",69.5325,110,68.5582,119,109.341,95,109.527,110,98.1821,26,99.5541,56,9.9729,82
"2024","UC Riverside",67.4215,252,67.1134,208,102.568,239,104.671,210,106.904,228,108.882,234,-4.21032,217
"2024","UC San Diego",66.2996,292,65.5818,298,111.328,54,111.838,81,104.156,156,108.1,213,3.73819,130
"2024","UC Santa Barbara",68.5232,170,67.3893,191,105.82,165,106.212,174,105.986,208,109.838,245,-3.62603,205
"2024","UCF",69.3238,124,68.6716,112,102.739,234,107.464,148,97.7992,23,95.6357,21,11.8287,66
"2024","UCLA",64.5961,348,63.1061,353,101.958,249,107.369,152,102.134,96,99.4091,50,7.95948,98
"2024","UMass Lowell",71.8171,37,70.1825,53,106.131,156,106.231,173,99.5746,39,104.92,146,1.31058,153
"2024","UMBC",74.6659,4,73.1872,5,104.62,196,105.015,201,108.309,260,113.351,325,-8.33569,274
"2024","UMKC",67.062,265,66.6573,242,103.235,223,101.254,265,104.565,167,105.35,156,-4.0956,214
"2024","UNC Asheville",69.4386,115,68.2397,137,108.121,117,107.422,151,106.664,221,107.631,206,-0.209104,164
"2024","UNC Greensboro",66.2571,294,64.868,320,109.583,91,109.242,118,105.909,203,107.504,202,1.7379,147
"2024","UNC Wilmington",65.4391,328,65.384,306,113.75,28,113.315,65,107.267,238,108.583,222,4.73274,119
"2024","UNLV",65.2351,336,65.6234,294,108.965,103,113.013,71,105.319,187,102.153,97,10.8601,73
"2024","USC",69.6885,101,68.1868,138,104.817,190,110.483,98,105,178,100.85,78,9.63309,85
"2024","USC Upstate",67.4261,250,67.1919,203,100.228,278,99.9983,291,109.594,288,109.953,250,-9.95444,288
"2024","UT Arlington",72.0241,32,71.0789,34,106.032,160,109.54,109,103.615,140,104.156,136,5.38488,112
"2024","UT Rio Grande Valley",72.7721,19,71.3497,28,92.5937,352,95.5895,336,110.071,295,111.619,293,-16.03,329
"2024","Utah",70.9694,54,70.0266,57,109.901,81,114.619,45,101.986,92,99.2126,47,15.4069,48
"2024","Utah St.",69.2841,127,68.9075,99,112.273,43,115.983,34,103.13,122,101.097,82,14.8861,51
"2024","Utah Tech",71.7239,38,70.4446,48,97.3634,317,99.8847,293,106.95,229,108.696,227,-8.81139,281
"2024","Utah Valley",68.8082,151,67.7168,163,97.7764,312,100.222,283,99.422,36,100.324,66,-0.102026,162
"2024","UTEP",70.3175,73,69.839,63,97.0598,323,98.4044,307,97.3393,19,99.5496,55,-1.14522,178
"2024","UTSA",71.2088,49,70.5987,44,106.085,159,106.958,163,112.703,335,113.688,332,-6.73022,254
"2024","Valparaiso",68.7274,154,68.0044,152,97.1703,319,100.296,280,110.382,301,111.022,276,-10.7257,300
"2024","Vanderbilt",67.8087,219,65.7131,285,99.9254,281,105.179,198,111.731,325,107.436,200,-2.25759,183
"2024","VCU",66.1667,298,65.6373,292,106.199,152,109.21,121,99.8114,43,98.5158,40,10.6943,75
"2024","Vermont",65.3096,332,63.3007,350,106.656,142,106.522,170,97.5309,20,99.9159,61,6.60638,104
"2024","Villanova",64.3105,350,63.626,347,106.88,139,111.416,87,99.6201,40,94.635,13,16.7805,37
"2024","Virginia",61.2557,362,60.1464,362,101.795,254,105.099,200,96.5051,11,93.2989,7,11.8004,68
"2024","Virginia Tech",68.1265,198,68.0064,151,110.289,69,115.808,37,103.925,148,101.726,92,14.0816,58
"2024","VMI",74.6183,5,74.725,2,88.956,360,89.1776,360,113.016,338,111.246,284,-22.0685,353
"2024","Wagner",62.6996,361,61.5516,361,97.8093,311,96.3621,330,100.861,69,106.359,177,-9.99734,292
"2024","Wake Forest",68.8351,148,68.4505,128,112.703,37,117.696,25,101.867,89,99.8023,59,17.8933,28
"2024","Washington",72.0719,30,71.2184,30,110.012,75,115.263,38,105.031,179,102.318,100,12.9459,60
"2024","Washington St.",66.4465,281,64.8449,322,109.886,82,113.231,66,99.6617,41,96.8986,26,16.3329,42
"2024","Weber St.",65.9154,311,65.6857,287,109.83,84,108.598,132,104.597,172,107.679,207,0.918949,156
"2024","West Virginia",68.7147,155,68.5416,123,100.619,273,108.308,140,110.872,313,106.372,178,1.9358,144
"2024","Western Carolina",67.8693,216,66.9337,225,109.357,94,109.232,119,101.721,87,103.548,120,5.68385,110
"2024","Western Illinois",65.9421,308,64.7656,325,99.503,288,97.8634,314,101.336,78,105.896,168,-8.03292,270
"2024","Western Kentucky",75.4206,1,75.2612,1,104.502,199,105.437,193,99.0585,35,102.536,103,2.90063,135
"2024","Western Michigan",68.4724,173,68.5602,117,99.9831,280,99.995,292,108.309,259,111.418,287,-11.423,305
"2024","Wichita St.",69.4098,116,68.0911,145,103.33,222,104.686,209,105.065,180,103.569,121,1.11699,154
"2024","William & Mary",66.3042,291,65.9357,273,102.679,236,100.702,273,111.62,323,114.266,340,-13.5647,319
"2024","Winthrop",67.8926,215,67.0026,215,107.786,121,106.969,160,105.782,200,108.083,212,-1.11367,176
"2024","Wisconsin",65.973,306,65.5067,304,112.317,41,119.223,17,104.573,169,99.1643,46,20.0583,17
"2024","Wofford",67.0921,264,65.6378,291,106.997,137,107.508,147,110.597,305,110.08,254,-2.57252,193
"2024","Wright St.",72.4945,22,71.5624,22,117.424,10,116.051,33,112.877,336,115.252,348,0.798926,158
"2024","Wyoming",67.6936,228,67.2407,197,105.195,180,108.735,130,110.955,315,107.946,210,0.78909,159
"2024","Xavier",71.5081,41,71.1981,31,106.11,158,113.153,69,104.352,162,98.9861,45,14.1671,56
"2024","Yale",65.7861,316,64.9261,315,109.679,87,110.877,91,103.189,125,101.803,93,9.07359,90
"2024","Youngstown St.",70.048,89,68.9861,94,111.127,55,108.341,138,102.358,102,105.323,153,3.01767,134
